{"capacity": 61392444.0, "ber": 0.0, "snr": 209.15025329589844, "humidity": 89.20198822021484, "pressure": 1015.755126953125, "temperature": 0.47230979800224304}